65,361,591,615,751,757,806,818,895,9
4,11,122,295,477,694,698,819,17
187,423,477,517,705,762,804,806,950,3
94,122,477,807,10
11,20,88,94,199,224,281,328,395,428,459,477,502,603,629,699,705,10
11,36,285,295,477,505,688,691,705,804,945,953,11
52,71,118,252,361,392,477,562,601,603,755,806,955,13
31,36,230,280,414,504,505,601,688,804,19
64,163,453,477,495,601,615,698,886,1
61,181,252,361,594,913,19
27,347,361,486,581,601,607,647,803,806,826,845,895,19
94,161,194,195,245,357,361,427,491,505,618,822,826,868,917,2
59,252,317,343,479,594,656,764,908,911,19
88,199,224,245,262,384,415,452,477,601,645,691,927,1
33,75,213,242,312,477,509,698,705,745,774,863,19
6,199,231,328,344,358,378,468,694,780,10
95,779,850,949,8
187,752,782,809,19
152,505,532,927,16
122,276,560,604,822,879,950,4
94,297,338,411,510,636,657,689,727,816,947,955,16
52,71,138,181,430,615,1
85,131,477,773,804,806,17
94,100,234,243,413,427,491,704,715,896,950,951,2
42,245,252,336,356,361,601,619,937,19
227,269,438,477,491,505,679,743,806,939,2
199,204,237,305,428,468,696,834,892,935,15
74,112,299,331,443,477,690,698,705,744,863,19
21,98,122,199,361,425,522,696,798,822,901,945,948,950,2
364,605,781,893,1
4,44,118,242,705,19
96,199,253,271,276,278,298,382,506,560,662,744,828,863,15
17,88,168,245,486,698,892,1
2,34,122,191,223,329,338,348,459,463,527,657,698,804,866,911,918,16
199,241,289,374,422,486,601,753,19
18,203,232,241,566,601,623,828,15
58,229,477,601,728,806,828,911,19
148,289,421,423,477,505,698,744,920,950,3
20,88,300,374,642,749,911,940,17
20,45,77,199,244,325,367,380,463,477,542,594,678,887,17
25,345,359,417,610,705,809,946,19
138,408,655,827,909,6
55,67,112,114,453,544,617,716,717,826,911,940,1
122,272,427,459,477,584,598,645,683,922,10
52,122,224,262,294,477,562,616,694,816,851,1
94,99,122,159,169,424,753,804,2
94,283,477,505,740,856,12
122,199,379,505,558,625,688,863,17
361,375,477,564,642,670,705,17
187,428,477,562,698,753,17
94,141,194,214,374,505,622,676,703,742,765,902,7
183,566,605,662,698,852,924,17
61,77,89,224,252,291,310,336,470,477,601,631,694,911,19
4,193,214,216,477,505,605,625,795,863,17
80,270,598,914,19
17,181,216,308,383,535,543,562,566,594,605,676,806,838,863,11
11,32,70,477,688,753,800,804,863,7
122,298,370,597,633,695,10
87,212,270,750,19
224,312,404,477,585,601,693,854,0
148,191,224,361,423,505,16
44,190,254,319,380,410,419,427,491,510,667,860,16
94,116,122,199,328,361,437,584,643,694,816,834,840,945,10
94,199,295,305,306,344,361,366,426,461,477,506,518,543,694,696,705,731,892,922,11
103,259,361,426,468,477,491,503,505,682,701,705,806,950,2
184,199,271,325,477,601,647,698,769,876,0
94,123,393,447,753,787,821,932,1
61,127,215,271,470,477,601,887,911,19
10,128,136,219,366,505,705,729,19
144,250,267,310,425,445,492,601,690,869,873,19
94,161,199,262,263,309,361,394,425,448,461,471,477,567,692,698,776,866,921,927,11
94,158,170,205,304,334,453,530,1
295,353,477,696,724,804,806,7
14,138,206,276,567,601,672,829,908,931,13
94,240,456,459,477,505,696,756,839,903,950,2
122,226,453,544,646,940,1
91,177,455,460,630,700,705,753,8
217,312,328,365,384,477,505,601,693,758,10
200,258,361,423,465,472,568,611,649,676,872,900,16
149,180,299,325,386,403,477,546,601,615,690,698,931,19
363,491,545,765,950,7
94,119,259,418,477,505,688,705,804,880,3
88,199,224,361,403,409,430,477,481,482,536,567,601,612,646,892,1
28,190,192,216,242,312,477,642,692,698,845,863,926,19
195,199,361,423,448,651,698,798,859,3
191,193,194,241,361,401,426,452,511,577,592,609,615,683,738,754,799,865,879,950,16
88,199,477,584,736,788,10
94,199,228,272,352,361,391,423,698,777,789,798,901,3
56,72,211,227,361,373,426,682,715,771,951,18
273,361,388,547,594,718,764,873,914,19
11,193,477,605,654,705,791,863,17
111,122,156,199,361,383,427,434,468,477,605,645,787,919,10
102,168,312,378,552,806,852,944,17
94,199,245,276,361,427,456,620,661,679,682,814,822,849,950,2
17,168,224,296,326,477,522,600,849,862,921,953,11
36,122,123,140,155,246,399,477,499,505,605,668,691,795,853,17
94,669,863,2
94,127,199,380,477,486,539,721,1
94,181,216,218,405,477,596,694,794,863,908,9
262,374,555,694,816,927,1
282,533,691,705,753,849,17
286,366,483,505,511,12
216,310,459,570,573,601,743,863,19
477,505,660,682,7
40,252,275,310,336,361,431,594,612,768,19
94,321,344,361,374,432,448,477,505,622,631,657,696,792,828,830,851,4
277,317,361,477,536,806,828,927,1
74,271,349,361,543,601,690,698,19
41,378,498,694,887,929,19
4,20,122,129,181,193,199,306,311,361,625,688,795,804,863,892,17
17,20,88,181,186,292,306,486,536,601,659,849,1
61,116,122,176,178,180,199,224,241,361,372,425,477,486,506,523,646,709,19
168,224,278,477,486,618,892,15
24,29,94,168,199,601,661,822,849,950,953,2
20,77,151,203,296,406,564,784,914,15
216,477,505,625,628,652,688,804,863,17
11,477,505,561,562,705,795,863,0
61,127,199,276,361,477,596,601,761,812,849,937,19
94,98,161,250,276,357,361,365,491,505,620,679,696,822,905,939,950,2
25,61,396,594,694,812,19
216,366,488,507,601,823,825,19
104,449,677,701,9
36,171,544,589,605,654,863,878,881,19
86,108,137,477,505,615,806,828,4
256,355,376,427,477,505,515,567,617,666,682,844,920,927,948,4
109,474,477,505,594,855,861,863,883,887,911,19
47,159,268,274,505,787,914,936,12
224,242,280,380,428,486,599,732,802,899,19
16,23,52,71,191,361,374,470,477,505,516,560,601,640,682,757,806,844,927,943,4
110,150,161,185,318,368,419,425,428,622,697,698,801,905,18
122,306,477,688,705,804,863,19
122,172,224,227,280,309,361,369,453,477,505,508,536,601,626,741,866,927,1
122,154,222,298,328,384,434,477,493,518,925,953,10
63,122,138,181,191,244,459,682,698,4
214,374,427,491,505,622,666,682,744,822,950,2
159,288,369,405,505,12
74,181,307,403,601,698,911,19
30,50,96,199,260,264,269,279,387,434,444,453,461,486,648,675,694,787,817,867,871,882,911,951,1
11,60,477,505,688,705,804,863,951,19
181,182,199,216,271,693,698,804,0
216,462,477,627,723,863,887,12
216,266,288,302,331,376,405,505,605,764,949,8
122,199,440,445,698,801,950,7
68,138,191,638,730,16
36,117,216,285,369,405,477,505,569,593,605,688,822,916,14
200,249,342,427,477,560,618,804,826,2
94,199,437,477,604,650,705,806,17
30,171,230,499,632,944,949,19
11,28,199,383,477,543,544,705,804,806,14
94,116,287,294,425,433,434,583,692,709,817,849,0
52,168,291,477,750,816,879,1
87,123,198,271,477,544,663,671,690,804,806,929,19
11,98,173,199,216,245,249,271,361,477,535,806,863,885,17
52,174,361,477,480,505,577,615,806,927,1
37,115,216,314,405,477,499,505,605,668,863,12
54,88,124,130,168,199,384,415,477,481,560,619,806,828,864,893,1
118,191,193,221,224,448,905,922,10
101,168,196,581,596,665,705,19
24,83,122,138,161,243,319,416,448,622,645,704,708,16
127,181,271,284,361,403,428,601,606,9
6,331,477,533,707,804,849,17
216,325,477,698,863,12
26,82,199,273,293,325,560,569,601,945,5
88,154,199,281,298,338,344,468,477,567,584,614,694,696,858,7
132,160,403,682,765,815,934,7
199,245,313,361,427,448,475,477,505,582,682,787,832,836,838,840,10
98,199,259,271,278,374,382,564,673,686,705,744,911,15
138,366,540,707,841,914,6
133,477,601,664,684,9
20,122,193,309,325,356,360,376,398,425,459,468,491,601,657,720,761,804,806,812,911,938,950,951,2
1,48,107,246,477,561,630,805,806,852,891,906,17
280,323,505,804,14
33,44,181,380,537,605,698,705,773,823,863,19
10,272,405,693,705,19
60,135,477,688,753,795,804,863,19
94,118,355,374,468,478,563,637,828,18
11,162,280,412,444,477,505,605,705,949,12
20,94,294,477,603,692,749,793,897,17
61,209,361,615,698,750,19
11,439,477,505,561,688,705,710,804,17
94,161,208,361,427,477,485,491,498,500,586,676,804,806,18
90,144,148,310,349,494,594,750,911,937,12
94,361,426,452,822,849,950,2
20,55,112,134,199,203,241,601,673,911,15
8,199,328,340,428,477,584,651,948,951,10
39,361,427,622,661,679,826,2
171,181,216,244,593,625,674,688,795,804,17
64,112,409,590,736,744,942,17
44,73,193,194,341,477,490,594,628,908,911,2
1,116,316,367,429,477,698,712,888,17
36,94,109,115,477,505,624,691,863,13
94,291,310,601,718,764,823,19
181,241,336,361,403,486,505,601,19
94,97,116,118,328,344,361,397,427,448,574,705,779,790,10
41,106,114,166,187,197,262,384,538,694,698,722,1
105,164,199,202,238,280,366,477,534,788,806,8
144,380,744,768,19
61,486,541,601,615,786,857,931,9
73,88,122,344,384,477,498,892,908,911,915,10
193,201,335,384,432,459,701,779,911,9
119,262,408,428,505,3
199,276,307,310,477,528,601,628,662,692,719,806,828,911,15
52,143,181,193,300,453,497,694,816,866,884,911,1
11,285,381,642,705,889,949,15
13,94,224,325,425,477,594,728,19
42,138,257,297,804,826,849,911,16
11,94,162,477,505,688,804,863,3
241,402,453,615,686,716,836,1
477,688,705,753,800,804,863,17
127,181,306,420,435,470,477,594,615,747,761,937,19
202,405,477,505,688,863,8
138,175,680,837,875,6
94,405,477,556,852,924,931,17
94,98,100,116,224,241,276,362,420,451,486,601,676,690,804,19
94,450,477,498,512,586,898,2
132,228,325,477,804,7
199,383,576,711,19
295,477,514,625,804,941,0
180,241,400,544,608,19
49,80,268,714,909,13
444,505,688,696,804,863,14
64,94,389,426,476,505,549,657,679,696,797,822,950,2
36,193,808,17
161,251,354,425,427,477,505,682,701,943,950,7
189,200,276,374,398,420,470,16
219,327,520,601,709,911,950,1
90,94,505,601,656,673,785,908,931,19
138,163,183,216,262,277,453,477,544,601,726,806,808,910,1
4,22,94,345,548,644,705,19
94,294,296,470,569,894,0
6,122,764,12
94,142,161,171,194,301,306,429,822,931,951,953,7
199,403,542,571,587,594,597,713,728,823,887,17
5,150,203,276,425,484,520,673,694,793,842,847,863,902,911,15
87,320,361,451,487,601,732,19
62,261,262,425,602,682,801,950,956,7
109,346,477,601,855,19
7,52,262,294,312,453,477,717,816,833,879,882,911,921,1
113,138,147,161,191,237,269,276,319,329,425,432,459,477,491,567,601,689,762,801,828,849,890,931,950,16
22,65,77,134,271,276,325,361,374,471,477,535,658,673,676,698,734,15
11,17,54,88,98,205,322,446,454,477,486,804,1
81,206,267,271,291,310,470,705,931,19
11,162,369,505,12
71,88,94,199,255,298,328,351,361,384,415,427,477,550,584,601,806,840,892,908,913,10
94,146,639,735,837,17
10,145,171,272,285,331,356,489,668,705,19
61,265,294,422,477,601,662,694,698,761,835,911,912,15
74,94,760,19
94,181,830,10
94,167,226,525,646,737,766,816,826,874,887,1
3,38,52,94,129,161,181,245,319,427,448,468,560,702,771,777,826,911,2
20,199,315,361,436,477,486,577,716,762,826,1
94,188,428,477,505,634,688,691,705,759,804,822,863,17
116,193,307,381,422,601,809,19
191,199,227,340,361,448,666,828,922,927,16
65,88,118,141,261,363,407,426,606,701,712,911,950,7
94,194,199,276,383,474,477,605,635,705,765,798,820,899,922,934,7
94,95,193,248,496,674,837,17
52,94,296,477,694,816,869,911,1
0,193,199,224,296,298,358,425,449,466,477,544,699,705,733,810,913,14
57,94,207,505,19
161,303,365,401,477,491,562,577,622,685,744,761,763,783,804,822,918,950,2
361,477,577,615,698,750,828,879,1
17,20,96,168,181,216,232,390,498,565,613,625,863,879,892,17
25,127,181,241,252,361,362,521,690,778,806,19
94,343,369,477,505,537,634,829,871,944,954,12
55,131,139,294,544,692,694,705,904,940,17
291,351,477,486,554,601,605,687,688,690,863,911,19
94,236,312,350,477,855,944,12
94,199,276,310,505,551,558,17
73,380,410,491,636,754,767,2
51,88,181,199,224,298,312,337,344,370,425,426,481,510,582,601,811,832,838,843,851,10
52,98,199,361,430,477,486,506,698,753,816,836,1
